metric_id,sub_power,grade,question,target,base_type,inputs,flags,route,evidence
CAR_STATUS_01,Benefits,C,Does your organisation provide company cars as a status or grade-based benefit?,0.35,all_only,35,"RULING NEEDED 37-vs-35: question wording ('status or grade-based') vs anchor headline (any-offer). Base modest and dated: CIPD Oct 2021, ~280 reward professionals, transport-benefit item base n=217, private-skewed. Do NOT use the car-allowance (~47%) or car-ownership-scheme (~8%) figures — different constructs in the same anchor sentence.",MARGINAL (no-blend all-UK),"""~37% of UK employers offer it (2% to all staff, 35% dependent on grade/seniority/role)"" —"
EXT_REW_GAP_012,Benefits,A,Are employee benefits reviewed regularly to assess relevance and value?,0.26,single,0.26,,MARGINAL (ruled single),no-blend all-UK 0.26 (review-to-ensure-fair) with purpose caveat + likely-understates-larg
REW26_BEN_PENSION_MATCH,Benefits,A,"Do you offer pension contribution matching, and up to what level?",0.5141,sme_large,16/57,,MARGINAL (ruled blend),blend 0.16/0.57 (SME Fig25 adopted from REW_BEN_100 / large Fig24 on-row) -> 0.514 offer; 
REW_BEN_046,Benefits,A,Does your organisation offer income protection?,0.3659,sme_large,15/40,"Rates are on an 'offered to all employees' basis - employers offering IP to only some staff are excluded, so these slightly understate any-offer prevalence. Pairing check: SME=15, large=40; 25 is the ALL-UK rate, not the SME rate.",MARGINAL (blend),Group income protection / long-term disability: 25% all; 40% large(250+); 15% SME (offered
REW_FAI_STUDY_TIME_93b6ef22,Benefits,B,Is paid study time provided for employees undertaking funded qualifications?,0.7,all_only,70,"'~70%' approximate — extracted as 70. CONSTRUCT PROXY: prose's own NOTE says 70% measures paid study LEAVE and protected paid study TIME (day-release) 'may be somewhat lower — treat as upper bound'; base_field repeats this. Usually targeted to certain employees rather than universal. The 92% (training/career-dev) and 75% (professional subscriptions) figures are OTHER benefits — do not pair with the target. Small base (~280 reward professionals, CIPD Oct 2021). DUPLICATE ANCHOR: same underlying CIPD Oct 2021 70% figure as REW_BEN_FAM_009 — two metrics will share one source number.",MARGINAL (no-blend all-UK),"""Paid study leave/time is offered by ~70% of UK employers"" | ""92% offer training/career-de"
PAYTR_01_42eae7ec,Governance,A,Do job adverts typically include a salary or salary range?,0.4,all_only,40,"Two candidate cuts in prose: ~40% 'always' vs 53% 'always-or-sometimes'. Chose 40 because the question says 'typically', which is closer to 'always' than to 'sometimes'; reviewer may prefer 53. The 40 is written as approximate ('~40%'). Same underlying stat as REW262_GOV_PAYINADVERTS, where I chose the 53 cut for its unqualified 'do you include' wording — confirm the pair is intentional.",MARGINAL (no-blend all-UK),~40% always; 53% always-or-sometimes
PROP_10d1211d,Governance,A,Does your organisation run disability pay gap analyses (or pay equity analyses by disability status) at least ,0.2455,sme_large,9/27,"Pairing-trap shape: 18 is the ALL-UK rate, NOT the SME rate — blend pair is SME=9 / large=27. The trailing '46% of large had NOT, 28% didn't know' are complement/don't-know context, not prevalence targets (27+46+28=101 due to rounding, large don't-know share is big). 'No legal requirement currently' is qualitative context only.",MARGINAL (blend),18% of UK employers ran disability pay gap analysis in year to Oct 2023 (27% of large 250+
PROP_674db2fc,Governance,A,"Does the organisation provide total reward statements to employees, and what proportion of employees access th",0.34,single,0.34,,MARGINAL (ruled single),"no-blend all-UK 0.34 (TRS provision); constrains provision limb only, access-rate bands un"
PROP_930043cc,Governance,A,Does your organisation run ethnicity pay gap analyses at least annually?,0.28,all_only,28,"The '(10% share)' is the subset who SHARE/disclose results, not the carry-out prevalence — do not use as target. 18 carry-out + 56 have-not = 74, so ~26% unaccounted (presumably don't know/planning). 'Main barrier company size' is qualitative context; base is size-skewed in behaviour but no numeric size split given.",MARGINAL (no-blend all-UK),28% ran an ethnicity pay gap analysis in the year to Oct 2023 (40% of large 250+; 13% of S
REW262_GOV_EQUALPAYAUDIT,Governance,A,"Do you run proactive equal-pay audits, and how often?",0.35,all_only,35,"MARGINAL CANDIDATE. Single all-base figure, no SME/large split given → all_only, no pairing-trap exposure. Sample composition large-skewed within an all-UK label (large 250+ = 57%, SME = 43% of n=832) — note for weighting. The question also asks 'how often' but the anchor supports only the ran-in-last-12m split, not the Ad hoc/Annually/More-than-annually mix.",MARGINAL (no-blend all-UK),"""Equal-pay audit in last 12m: 35% of employers"" — the entire anchor; single clean figure, "
REW262_GOV_PAYINADVERTS,Governance,A,Do you include pay or a pay range in job adverts?,0.53,all_only,53,"Two candidate cuts: ~40% 'always' vs 53% 'always-or-sometimes'. Chose 53 because this question is an unqualified 'Do you include...', so any inclusion counts; the stricter 40 ('always', written as approximate '~40%') is the alternative. Same underlying stat as PAYTR_01_42eae7ec, where I chose 40 for its 'typically' wording — reviewer should confirm the two metrics are meant to sit at different cuts.",MARGINAL (no-blend all-UK),~40% always; 53% always-or-sometimes publish
REW263_GOV_BENOBJ,Governance,A,"Are your employee benefits linked to defined objectives (e.g., retention, engagement, productivity) and review",0.77,single,0.77,,MARGINAL (ruled single),"no-blend all-UK 0.77 has-objectives / 0.22 none; constrains objectives limb only, review-a"
REW263_GOV_FLEXALLOW,Governance,B,Do you provide a personalised/flexible benefits allowance employees can allocate by choice?,0.39,single,0.39,,MARGINAL (ruled single),"no-blend flat-UK 0.39 offers-flexible-benefits (Broadstone n~200), emit only with upper-bo"
REW263_GOV_UKPAYTRANS,Governance,A,"How would you describe your UK pay-transparency position (adverts, internal ranges, published policy)?",0.53,all_only,53,"Question is categorical ('How would you describe...'), not yes/no, so 53 only works as a target if the option set binarizes cleanly into publishes-ranges vs not — reviewer must confirm the option map; if it cannot be binarized, downgrade to CONTEXT. The 16% ('publish both ranges+specifics') is a stricter top-band cut, usable only for a top-option target; 'only 16%' is rhetorical phrasing. Overlaps the same underlying 53% stat as PAYTR_01/REW262.",MARGINAL (no-blend all-UK),53% publish ranges always/sometimes; only 16% publish both ranges+specifics
REW_FAI_079,Governance,A,Does your organisation conduct gender pay gap analysis at least annually?,0.44,all_only,44,"NOT sme_large despite size info: the large rate is given only as 'mandatory 250+' (de jure ~100%, no number in prose) and the sub-250 rate only negatively ('79% of <250 had NOT', implying ~21% positive — NOT stated verbatim, so cannot be output). Parenthetical 30+14 decomposes the 44 into always/sometimes SHARING of results, not separate carry-out rates. 'Public sector 52%' is a sector split, context only. Large-vs-SME behaviour differs hugely here — flag for blend logic since mandatory 250+ means the 44 all-UK rate masks a near-ceiling large rate.",MARGINAL (no-blend all-UK),44% carry out (30% always+14% sometimes share); mandatory 250+; public sector 52%; 79% of 
REW_FAI_088,Governance,A,Do employees have access to pay ranges for their grade/role family?,0.4,single,0.4,,MARGINAL (ruled single),no-blend all-UK 0.40 always / 0.32 never (internal pay-range access; remainder ~0.28 parti
REW_FAI_089,Governance,A,Does your organisation publish pay ranges on job adverts?,0.53,all_only,53,"MARGINAL CANDIDATE with a deliberate-pick requirement: three coexisting figures for one axis — 53 (recommended, matches default ruled split), 47 (NEGATIVE POLE — never report as positive; also bundles 'plans to' intenders into the No side), ~40 (approximate, All-roles-only, needs positive_from change). Same CIPD PPT 2024 base as EQUALPAYAUDIT: all-UK label but large-skewed composition (57% large 250+). No SME/large split figures → all_only, no pairing-trap exposure.",MARGINAL (no-blend all-UK),"""Publish salary ranges in external job adverts: ~40% always; 53% always-or-sometimes; 47% "
REW_INC_072,Incentives,B,Are sign-on bonuses used for any roles?,0.15,single,0.15,large-only (ruled emit-with-caveat),MARGINAL (ruled single),no-blend large-only 0.15 (active-use rate; NEVER the ~0.45 use-or-considering composite — 
OT_04_b14623a6,Pay,B,Are shift premiums paid for unsocial hours?,0.63,all_only,63,"LARGE-SKEW BASE: register base_field says large-employer/FTSE skew, answered-only n, pre-2024 vintage — prose says 'employers' with no size qualifier, so treat 63% as large-skewed rather than a clean all-UK rate. Grade B. Premium-structure parenthetical (fixed-rate most common; some % of hourly) is qualitative context.",MARGINAL (no-blend all-UK),63% of employers pay a shift premium
PAYTR_02_131bd412,Pay,A,Are pay bands or salary ranges visible to employees?,0.4,all_only,40,"Binary-vs-trichotomy mismatch: source has always/sometimes/never structure, DB question is plain Yes/No — the ~28% residual is the ruling's main decision. Large-skew composition: sample is 57% large (250+) vs 43% SME (n=832), far above UK population share, though quoted rates are all-UK blended with no separate SME/large rates (so NOT sme_large — nothing to blend). Approximate figure (~40%). Related-but-distinct metric REW_FAI_089 (external adverts, same source) has its own figures — do not cross-wire internal vs external transparency.",MARGINAL (no-blend all-UK),"""internal ~40% always publish; 32% never"" (full anchor: ""Pay bands/ranges visible to emplo"
REW_BEN_REM_PAY_001,Pay,A,"If an employee moves from office-based to remote working, how is their base pay typically treated?",0.64,all_only,64,,MARGINAL (no-blend all-UK),"64 from ""64% have not and do not intend to"". Companion figures: ""only 4% of UK employers h"
EXT_REW_GAP_004,Recognition,B,Do you operate a long service award scheme?,0.56,all_only,56,"Base_field warns of large-employer/FTSE skew and answered-only n, so this single rate likely overstates SME prevalence — treated as all-UK only because no size split exists in prose; pre-2024 vintage; grade B.",MARGINAL (no-blend all-UK),the grade-B legacy source yields BOTH 56% and 76% operate one; 56% is OPERATIVE BY RULING 
REW263_REC_IMPACT,Recognition,C,Do you measure the impact of recognition on engagement or retention?,0.436,all_only,56.4,"POLARITY TRAP LIVE (FAM_001 pattern): 56.4% is the negative-pole figure — never report as the positive target. Standard polarity-guard inversion is UNSAFE here (43.6 wrongly counts the 17.7% intenders as Yes); David must rule between authorising the derived 18.2 (2+16.2, not verbatim in register) or rejecting for context. Sample quality: n=85 self-selected vendor audience, grade C, directional only. Secondary CIPD 2023 figures (89% offer some recognition; 34% evaluate reward-strategy effectiveness) are DIFFERENT constructs — do not substitute as this metric's figure.",MARGINAL (no-blend all-UK),"""only ~2% formally track ROI on gifting/recognition (clear metrics); 16.2% informal indica"
REW262_TIME_BEREAVEMENT,Time Off,A,Do you offer paid bereavement leave above the statutory minimum?,0.27,all_only,27,"TAXONOMY GAP: prose gives ALL (27%) AND SME (26%) but NO large rate — no all+SME base_type exists, so classified all_only on the 27% all-UK figure with sme_pct=26 recorded for the reviewer. Not sme_large (no large rate to pair). Implied large rate sits slightly above 27% given SME at 26% and SME employment weight — reviewer may wish to back-derive rather than lose the SME figure. Grade A.",MARGINAL (no-blend all-UK),"""Paid bereavement leave (excl parental): 27% all; 26% SME"""
REW263_TIME_FERTLEAVE,Time Off,A,Do you provide dedicated paid fertility-treatment leave (separate from sick/annual leave)?,0.22,all_only,22,"Grade A nationally representative — strong candidate. Basis nuance: source counts 'paid time off to attend appointments/manage treatment', question asks 'dedicated paid fertility-treatment leave (separate from sick/annual)' — the 22% may include non-dedicated paid time off, mild offered-basis mismatch. Multiple coexisting figures (22/27/27/49/28) — only 22% matches the question's top rung; 27% policy-prevalence and 34%/19% public/private splits are distractors. DB has an is_na 'Not applicable' option. Sector splits available, no size splits quoted.",MARGINAL (no-blend all-UK),"""22% of UK employers provide PAID time off to attend fertility appointments/manage treatme"
REW_BEN_FAM_001,Time Off,A,How does your maternity and adoption pay compare to statutory provision?,0.67,all_only,33,"POLARITY WARNING: 33% is the statutory-ONLY share — do NOT read as the share offering enhanced pay. Prose is really a partial categorical distribution (33% statutory-only, 18% enhanced 4-13wks, 21% enhanced 26wks — sums to 72%, incomplete) matching a multi-option question; only the statutory-only share is a clean single target. Sector splits present (private 38% / public 13% statutory-only) — large-generosity/sector skew. Pre-dates ERA 2025 reforms per base_field; baseline expected to shift. Grade A, n=2,000 weighted.",MARGINAL (no-blend all-UK),"""33% of UK employers offer statutory-minimum maternity pay only; 18% offer 4-13 wks enhanc"
REW_BEN_FAM_002,Time Off,A,How many weeks of enhanced maternity and adoption pay are provided?,0.5441,sme_large,19/60,,MARGINAL (ruled blend),"blend 0.19/0.60 (all-UK Fig28 as SME-side rate, large 250+ 0.60) -> enhance-any 0.544; emi"
REW_BEN_FAM_007,Time Off,A,Do you provide paid carer's leave for employees with caring responsibilities?,0.36,all_only,36,"PAIRING/CONSTRUCT TRAP: the 67% large / 33% SME / 52% all splits measure a DIFFERENT construct — having a policy/procedure to REQUEST carer's leave (which is unpaid statutory) — NOT paid provision. Do NOT build sme_large from 33/67 for this paid-leave question. Paid figures conflict across sources: ~36% (RMS 2022) vs 31-45% range (2025 flex data, midpoint 38); extracted 36 because it is the explicit point estimate appearing verbatim (midpoint 38 does not appear in prose). '~' approximate. Sector splits (75/46/59) also belong to the request-policy construct. Grade A base, but the paid point estimate itself is older RMS 2022.",MARGINAL (no-blend all-UK),"""PAID carer's leave specifically offered by ~36% (RMS 2022) / 31-45% (flex 2025 support da"
REW_BEN_FAM_008,Time Off,B,Do you provide paid emergency or compassionate leave?,0.86,all_only,86,"Grade A but modest base: ~280 reward professionals (item bases ~212-253), CIPD Oct 2021, private-skewed 70% — older and smaller than the n=1,059 benefits-focus survey. Rung-straddle risk: 86% is an any-paid-offer figure against a question that splits fully-paid vs case-by-case. Two distractor numbers in anchor (71% historical, 82% different benefit).",MARGINAL (no-blend all-UK),"""86% of UK employers offer it"" (referent: ""Paid bereavement/compassionate leave is near-un"
REW_BEN_FAM_010,Time Off,B,Do you provide paid volunteering leave?,0.3,all_only,30,"Base per register: ~280 reward professionals (item bases ~212-253), private-skewed 70% — modest sample. Anchor's 'minority, above-statutory practice' note is qualitative context only.",MARGINAL (no-blend all-UK),30% of UK employers offer paid time off for voluntary/community work
REW_BEN_HOL_003,Time Off,B,Can employees buy or sell annual leave?,0.559,all_only,44.1,"POLARITY TRAP instance (the FAM_001-style case the prompt warns about): source figure counts the none share — flag NEGATIVE POLE. Grade B convenience sample: n=626 incl. broker's own clients, skews larger/benefits-engaged, explicitly 'Not UK-representative' — large-skew flag despite nominal all-sizes base. 18.8% is a days-cap detail (up-to-5-days) belonging to HOL_006-type semantics, not this metric's pole. 'Don't know' is is_na.",MARGINAL (no-blend all-UK),"""44.1% of UK employers do NOT offer holiday trading at all""; secondary: ""18.8% allow buy/s"
REW_BEN_SICK_001,Time Off,A,How does your occupational sick pay compare to statutory sick pay (SSP)?,0.568,sme_large,17.5/63,"TWO RANGE MIDPOINTS: large '60-66%' -> 63; SME '17-18%' -> 17.5; neither midpoint appears verbatim, so the validator will flag both - reviewer must accept the derivations. SME midpoint (17.5) sits just below all-UK (18), which is arithmetically tight but plausible given large-employer weighting. Cross-row: REW_BEN_038 compendium quotes '60% large' for the same measure (bottom of this range).",MARGINAL (blend),Occupational sick pay: 18% all (Fig13); 60-66% large; 17-18% SME
REW_BEN_SICK_004,Time Off,A,Is there a waiting period before occupational sick pay applies?,0.3,all_only,30,"CONDITIONAL DENOMINATOR: base is orgs with OSP (per register base_field), NOT all-UK employers — 'all_only' here means single-rate-over-stated-base; generator must condition on the OSP parent. Figure is approximate ('~30%'). POLARITY INVERTED vs question wording — do not seed 30% as the 'waiting period exists' share. '43% public' is a public-sector split, not extracted.",MARGINAL (no-blend all-UK),~30% eligible from day one
REW263_WEL_FINWELL,Wellbeing,A,Is there a documented financial wellbeing strategy beyond ad hoc provision?,0.15,all_only,15,"The 53% large figure is 'have-or-plan' - a different measure (have OR plan to have) that is NOT comparable to the 15% 'have' rate, so it is deliberately excluded from large_pct rather than mis-paired; classified all_only, not all_large. Also note sibling row REW26_WEL_FINWELL carries 64% for a broader 'any programme/activity' measure - different construct (programme activity vs documented strategy), do not reconcile them to one number.",MARGINAL (no-blend all-UK),Financial wellbeing strategy/policy: 15% all orgs; 53% large have-or-plan
REW263_WEL_OH,Wellbeing,A,"Do employees have access to occupational health, and what is the typical referral SLA?",0.7959,sme_large,39/86,,MARGINAL (ruled blend),blend 0.39/0.86 -> (0.39*30 + 0.86*190)/220 = 0.796 cohort OH-access rate; access limb onl
REW26_WEL_EAP,Wellbeing,A,Do you provide an Employee Assistance Programme (EAP)?,0.7268,sme_large,39/78,"PAIRING TRAP row: SME=39 pairs with large=78; 67 is the ALL-UK rate, NOT the SME rate. Duplicate figure in same prose ('NB HW Fig16=67% all') is consistent, no conflict. Wording '67% all employees' most plausibly means all-UK employer rate on an offered-to-all-employees basis, but could be misread as % of employees covered - reviewer should confirm employer denominator. Cross-row conflict: REW_BEN_038 compendium cites 'EAP 10% all / 61-62% large' from a different source - materially different; reviewer must pick the source of record.",MARGINAL (blend),EAP: 67% all employees; 78% large(250+); 39% SME (offered to all). NB HW Fig16=67% all
REW26_WEL_FINWELL,Wellbeing,A,Do you offer a financial wellbeing programme?,0.64,all_only,64,"Register relabel history: ruled 2026-07-16 that this anchor is the broad 'programme/activity' measure (previous 'policy/strategy' mislabel; audit mis-map OVERTURNED) — anchor attachment is correct as-is, but source wave still to be tightened to the exact CIPD survey carrying S29. Base described only as 'mixed UK', not a clean all-UK denominator. Broad/generous definition — expect the rate to run high vs stricter policy measures.",MARGINAL (no-blend all-UK),64% offer a financial wellbeing programme/activity
REW26_WEL_SCREENING,Wellbeing,A,Do you offer health screening or health assessments?,0.4373,sme_large,23/47,"Rates are on an 'offered to all' basis - any-offer prevalence may be slightly higher. Pairing check: SME=23, large=47; 35 is ALL-UK, not SME.",MARGINAL (blend),Health screening: 35% all; 47% large(250+); 23% SME (offered to all)
REW26_WEL_STRATEGY,Wellbeing,A,"Is there a documented wellbeing strategy, and how often reviewed?",0.57,all_only,57,"Size figures in prose are band EXTREMES, not SME/large(250+) rates: '75% at 1000+' (subset of large, would overstate a 250+ rate) and '21% at 2-49' (excludes 50-249, would understate an SME rate) — deliberately NOT extracted into large_pct/sme_pct to avoid band mismatch; use as size-gradient context/shape only. Only the 57% all-UK rate is a clean target share.",MARGINAL (no-blend all-UK),Stand-alone wellbeing strategy: 57% all
REW_Q524161,Benefits,A,What is the employer notice period by level?,,,,,"floor (statutory, latent-only)",
b1785613-96ed-4a64-9fd7-762d0ac65f19,Benefits,A,What is the employee notice period by level?,,,,,"floor (statutory, latent-only)",
REW263_TIME_DAYONELEAVE,Time Off,A,"Have you made paternity and unpaid parental leave available from day one of employment (ERA 2025, April 2026)?",,,,,"floor (statutory, latent-only)",
CONTEXT_AE_OPTOUT,,A,,,,,,context (EST/unanchored),
REW264_HLT_VIRTUALGP,,A/B (total) / EST (split),Do you provide a standalone virtual GP service (independent of PMI)?,,,,,context (EST/unanchored),
REW264_PEN_AEDEFAULT,,A,What is the default employee contribution rate for auto-enrolled joiners (above statutory minimum)?,,,,,context (EST/unanchored),
REW265_BEN_PMICOMP,,B (structure) / EST (incidence),Which of the following does your PMI scheme include beyond standard cover?,,,,,context (EST/unanchored),
REW265_PAY_PAYCOMMS,,EST,How are pay review outcomes communicated to individuals?,,,,,context (EST/unanchored),
REW265_PAY_RANGEMAX,,EST,What is your policy on pay for employees at or above range maximum?,,,,,context (EST/unanchored),
3faf1f0c-f753-497f-a395-384bba38c5e3,Benefits,"B (Single) / EST (Partner, Family)",What is the average annual private medical insurance (PMI) premium for each level of coverage?,,,,,"context (anchored, no structured base — ruled follow-on)",
CAR_BN_02,Benefits,,What criteria are used to determine eligibility for a business need company car?,,,,,context (EST/unanchored),
CAR_COST_02,Benefits,,Are low-emission or electric vehicles mandated or prioritised for company cars?,,,,,context (EST/unanchored),
CAR_STATUS_03,Benefits,,Are employees eligible to choose between a status-based company car and a cash allowance?,,,,,context (EST/unanchored),
PROP_11a83d52,Benefits,,Do benefits or health plans include support that is explicitly trans-inclusive (where applicable/legally permi,,,,,context (EST/unanchored),
PROP_202fecc6,Benefits,,"Does the organisation track enrolment and utilisation for key benefits (e.g., pension, private medical, wellbe",,,,,context (EST/unanchored),
PROP_36b990f9,Benefits,A,What was employer pension contribution as a typical percentage of pensionable pay for the main population?,,,,,"context (anchored, no structured base — ruled follow-on)",
PROP_3d4fc4e7,Benefits,,What proportion of employees actively enrol in at least one optional/flexible benefit (excluding statutory ben,,,,,context (EST/unanchored),
PROP_7d858df2,Benefits,,"Are core benefits inclusive for LGBTQ+ employees (e.g., partner benefits for same-sex partners, inclusive fami",,,,,context (EST/unanchored),
PROP_c1a3da61,Benefits,,Do you offer relocation support for hires who need to move location for their role?,,,,,context (EST/unanchored),
RED_COST_01,Benefits,A,What was the average redundancy cost per employee in the last completed 12-month period?,,,,,context (ruled: CONTEXT_VALUE),
RED_NOTICE_01,Benefits,,How is notice typically handled in redundancy situations?,,,,,context (EST/unanchored),
RED_PAY_01,Benefits,,What pay basis is typically used to calculate redundancy payments?,,,,,context (EST/unanchored),
RED_PROC_01,Benefits,C,Is there a documented redundancy process applied consistently?,,,,,"context (anchored, no structured base — ruled follow-on)",
RED_PROC_02,Benefits,,Are selection criteria for redundancy documented and objective?,,,,,context (EST/unanchored),
RED_PROC_03,Benefits,,Are redundancy outcomes reviewed for fairness and bias?,,,,,context (EST/unanchored),
RED_PROC_04,Benefits,,Is outplacement or career transition support offered?,,,,,context (EST/unanchored),
RED_PROC_05,Benefits,,Are line managers trained to manage redundancy conversations?,,,,,context (EST/unanchored),
RED_TERM_01,Benefits,C,What redundancy pay terms does your organisation typically offer?,,,,,"context (anchored, no structured base — ruled follow-on)",
RED_TERM_02,Benefits,A,"What is the maximum redundancy pay multiple offered, excluding notice?",,,,,context (ruled: CONTEXT_VALUE),
RED_TERM_03,Benefits,,What is the maximum number of weeks' pay used to calculate redundancy payments?,,,,,context (EST/unanchored),
REW263_BEN_CICOVER,Benefits,A,What level of critical illness cover is provided (lump sum or salary multiple)?,,,,,"context (anchored, no structured base — ruled follow-on)",
REW263_BEN_DENTAL,Benefits,A,Is dental cover employer-paid or employee-funded/voluntary?,,,,,"context (anchored, no structured base — ruled follow-on)",
REW263_BEN_NEURO,Benefits,C,Do you provide neurodiversity support and/or a formal reasonable-adjustments process for reward/benefits acces,,,,,"context (anchored, no structured base — ruled follow-on)",
REW263_BEN_PENBASIS,Benefits,EST,On what earnings basis are pension contributions calculated (qualifying earnings vs full/basic pay)?,,,,,"context (anchored, no structured base — ruled follow-on)",
REW263_BEN_PMIEXCESS,Benefits,A,What employee cost-share or excess applies to PMI (if any)?,,,,,"context (anchored, no structured base — ruled follow-on)",
REW263_BEN_PMIMH,Benefits,,Does your PMI include mental health cover and/or digita,,,,,context (EST/unanchored),
REW26_BEN_PENSION_COST_SHARE,Benefits,EST,Employer pension cost as a % of total reward spend?,,,,,"context (anchored, no structured base — ruled follow-on)",
REW26_BEN_PENSION_TYPE,Benefits,A,What type of pension scheme is offered to the main population?,,maturity_gradient,"[""Public Sector & Government""]",,MATURITY_GRADIENT (r3s2),
REW26_BEN_PLSA_QM,Benefits,B,Does the scheme meet the PLSA quality-mark threshold (12% total / 6% employer)?,,,,,context (ruled: CONTEXT_BOUND),
REW26_BEN_SALSAC,Benefits,A,Is pension offered via salary sacrifice by default?,,,,,context (ruled: SINGLE_BASE),
REW_BEN_038,Benefits,A,Which of the following benefits are currently offered to employees?,,,,,context (verified not-prevalence),
REW_BEN_039,Benefits,,Does your organisation operate a flexible benefits platform (employees can choose/adjust benefits)?,,,,,context (EST/unanchored),
REW_BEN_044,Benefits,A,What are the private medical insurance (PMI) eligibility rules?,,,,,"context (anchored, no structured base — ruled follow-on)",
REW_BEN_045,Benefits,A,What life assurance cover is provided for the main population (multiple of salary)?,,,,,"context (anchored, no structured base — ruled follow-on)",
REW_BEN_047,Benefits,EST,"If income protection is offered, what is the typical waiting period?",,,,,"context (anchored, no structured base — ruled follow-on)",
REW_BEN_048,Benefits,B,"If income protection is offered, what is the typical salary replacement rate?",,,,,context (verified not-prevalence),
REW_BEN_055,Benefits,,Are benefit costs tracked centrally as part of total reward reporting?,,,,,context (EST/unanchored),
REW_BEN_100,Benefits,,What proportion of employees are eligible for employer-funded PMI?,,,,,context (EST/unanchored),
REW_BEN_102,Benefits,,What proportion of employees participate in salary sacrifice arrangements?,,,,,context (EST/unanchored),
REW_BEN_112,Benefits,B,What is the typical employer pension contribution by level?,,,,,context (verified not-prevalence),
REW_BEN_139,Benefits,,Which levels are eligible for employer-provided private medical insurance (PMI)?,,,,,context (EST/unanchored),
REW_BEN_FLEX_ALLOW_01,Benefits,EST,What is the annual flexible benefits allowance by employee level as a % of base pay?,,,,,"context (anchored, no structured base — ruled follow-on)",
REW_BEN_PENS_EE_MAX_01,Benefits,B,What is the MAX employee pension contribution rate by employee level?,,,,,context (verified not-prevalence),
REW_BEN_PENS_EMP_MAX_01,Benefits,B,What is the max employer pension contribution rate by employee level?,,,,,context (verified not-prevalence),
REW_PAY_109,Benefits,,Which role levels are eligible for a status car allowance or lease car?,,,,,context (EST/unanchored),
REW_PAY_EV_KWH_66ef252b,Benefits,,What reimbursement rate (in pence per kWh) do you apply for business-related EV charging at an employee's home,,,,,context (EST/unanchored),
REW_Q049530,Benefits,,What mileage is required to be eligible for a business need company car?,,,,,context (EST/unanchored),
fa0f46f6-61e3-41d1-a2d1-3e57483bb1cf,Benefits,,What is the annual car allowance amount by level?,,,,,context (EST/unanchored),
PAYTR_03_db0108d6,Governance,,Is there a formal policy describing pay progression within bands?,,,,,context (EST/unanchored),
PROP_216f7323,Governance,,Which pillars are explicitly included in your total rewards strategy?,,,,,context (EST/unanchored),
PROP_34ffb6e2,Governance,,Which best describes how promotion decisions are governed?,,,,,context (EST/unanchored),
PROP_38555969,Governance,,"Do you have a documented annual reward/benefits communication plan (e.g., pay review comms, benefits comms, we",,,,,context (EST/unanchored),
PROP_8862fcad,Governance,,"Does your organisation have a documented total rewards strategy that integrates pay, benefits, wellbeing and c",,,,,context (EST/unanchored),
PROP_aa4061d5,Governance,,How does your organisation measure the effectiveness of reward/benefits communications?,,,,,context (EST/unanchored),
PROP_cdff5737,Governance,,"Does the organisation run pay equity analyses across comparable roles (e.g., gender, ethnicity, disability), a",,,,,context (EST/unanchored),
PROP_d65a16e9,Governance,,When was your total rewards strategy last refreshed or formally reviewed?,,,,,context (EST/unanchored),
PROP_d992b2ea,Governance,,Is there a standard minimum time-in-role or time-in-grade expectation before promotion (where applicable)?,,,,,context (EST/unanchored),
PROP_e1d1e604,Governance,,Approximately what proportion of employees receive an off-cycle pay increase outside the annual review (exclud,,,,,context (EST/unanchored),
PROP_ef4ff31e,Governance,,Do you monitor promotion rates by protected characteristics to identify equity issues?,,,,,context (EST/unanchored),
REW262_GOV_ACTIONPLAN,Governance,,"Do you have a published equality action plan, and which characteristics does it cover?",,,,,context (EST/unanchored),
REW262_GOV_AIINPAY,Governance,,"Do you use AI tools in pay decisions, and with what governance?",,,,,context (EST/unanchored),
REW262_GOV_EQUALVALUE,Governance,,"Can you group your workforce into categories of equal value (by skills, effort, responsibility and conditions)",,,,,context (EST/unanchored),
REW262_GOV_SALHISTORY,Governance,,Have you removed salary-history questions from your hiring process?,,,,,context (EST/unanchored),
REW263_GOV_ETHDISREADY,Governance,,Are you prepared for mandatory ethnicity and disability pay gap reporting for 250+ employers (Equality (Race a,,,,,context (EST/unanchored),
REW263_GOV_FIREREHIRE,Governance,,"Where pay or pension/benefit terms are changed, do you avoid dismiss-and-rehire (fire-and-rehire restrictions,",,,,,context (EST/unanchored),
REW263_GOV_MENOPLAN,Governance,C,Have you published (or do you plan to publish) a voluntary menopause action plan ahead of the 2027 mandate?,,,,,context (ruled: CONTEXT_RULED),
REW263_GOV_REWTEAM,Governance,,What is the size of your dedicated reward team relative to total FTE?,,,,,context (EST/unanchored),
REW263_GOV_SIGNOFF,Governance,,"Where does final sign-off on the annual pay/reward decision sit (RemCo, HRD, Finance, CEO)?",,,,,context (EST/unanchored),
REW263_GOV_UMBRELLA,Governance,,Do you apply reward parity / compliance checks for umbrella-company and agency workers (ahead of umbrella regu,,,,,context (EST/unanchored),
REW26_GOV_EU_PTD_PREP,Governance,B,How prepared are you for the EU Pay Transparency Directive (2026)?,,,,,context (ruled: CONTEXT_SUBGROUP),
REW_FAI_081,Governance,,"Are pay decisions reviewed for fairness before implementation (e.g., calibration, central review)?",,,,,context (EST/unanchored),
REW_FAI_082,Governance,,Are exceptions to standard pay rules formally documented with justification?,,,,,context (EST/unanchored),
REW_FAI_085,Governance,,Does your organisation review pay outcomes for compression and internal equity as part of the annual pay cycle,,,,,context (EST/unanchored),
REW_FAI_086,Governance,,Does your organisation review incentive outcomes by protected characteristic (where data is available and lawf,,,,,context (EST/unanchored),
REW_FAI_087,Governance,,Does your organisation have a documented pay transparency approach or policy?,,,,,context (EST/unanchored),
REW_FAI_091,Governance,,"Over the next 12-24 months, do you plan to expand exter",,,,,context (EST/unanchored),
REW_FAI_092,Governance,,"Have you completed a pay transparency readiness assessment (e.g., audit of structures, data quality, communica",,,,,context (EST/unanchored),
REW_PAY_001,Governance,,Are formal pay ranges defined for all permanent roles?,,,,,context (EST/unanchored),
REW_PAY_002,Governance,,Are pay ranges linked to a documented job evaluation or grading framework?,,,,,context (EST/unanchored),
REW_PAY_003,Governance,,How often are pay ranges reviewed and refreshed using market data?,,,,,context (EST/unanchored),
REW_PAY_006,Governance,,Does your organisation use external pay benchmark data when setting pay ranges or offers?,,,,,context (EST/unanchored),
REW_PAY_019,Governance,,"Are allowances consolidated into base pay at any point (e.g., on promotion or contract change)?",,,,,context (EST/unanchored),
REW_PRO_030,Governance,,Is progression eligibility linked to performance outcomes?,,,,,context (EST/unanchored),
REW_PRO_034,Governance,,Does your organisation use promotion guidelines that specify recommended salary positioning on promotion?,,,,,context (EST/unanchored),
REW_PRO_035,Governance,,What is pay progression based on outside of the annual review and promotions?,,,,,context (EST/unanchored),
REW_PRO_098,Governance,,What is the typical maximum pay increase for promotions?,,,,,context (EST/unanchored),
REW264_HLT_CASHPLAN,Health & Protection,A,Do you offer a health cash plan?,,,,,"context (anchored, no structured base — ruled follow-on)",
REW264_HLT_OPTICAL,Health & Protection,A,Do you provide optical cover or eye-care vouchers beyond DSE statutory requirements?,,,,,"context (anchored, no structured base — ruled follow-on)",
323ffcf1-749b-43f3-bf34-1de6b8b1ca67,Incentives,,What is your max bonus % opportunity by level?,,,,,context (EST/unanchored),
REW263_INC_DEFERRAL,Incentives,,"For deferred bonuses, what is the typical deferral period and vehicle (cash vs shares)?",,,,,context (EST/unanchored),
REW263_INC_POOLFUND,Incentives,,How is the main bonus pool funded (top-down profit share vs bottom-up target-based)?,,,,,context (EST/unanchored),
REW_INC_060,Incentives,B,Which measures are used in your main bonus or incentive scheme?,,,,,"context (anchored, no structured base — ruled follow-on)",
REW_INC_061,Incentives,,What is the typical individual/business % split of your main bonus scheme by level?,,,,,context (EST/unanchored),
REW_INC_065,Incentives,,"Is there a gatekeeper metric (e.g., profit, safety, compliance) that must be met for any payout?",,,,,context (EST/unanchored),
REW_INC_069,Incentives,,Are bonuses deferred for any population?,,,,,context (EST/unanchored),
REW_INC_070,Incentives,,Are malus provisions used (reduce unpaid awards) for misconduct/risk/compliance issues?,,,,,context (EST/unanchored),
REW_INC_071,Incentives,,Are clawback provisions used (recover paid awards) in defined circumstances?,,,,,context (EST/unanchored),
REW_INC_077,Incentives,,"Are your incentives intended primarily to drive performance, retention, or cost control?",,,,,context (EST/unanchored),
REW_INC_103,Incentives,B,What proportion of employees are eligible for a bonus scheme?,,,,,context (ruled: CONTEXT_SUBGROUP),
REW_INC_104,Incentives,B,"In the last 12 months, what was the average payout as a percentage of maximum bonus potential?",,,,,context (ruled: CONTEXT_VALUE),
REW_INC_111,Incentives,,What is the target bonus opportunity by level (as % of base salary)?,,,,,context (EST/unanchored),
REW_INC_131,Incentives,A,Does your organisation operate any long-term incentive or equity plans for any levels?,,,,,context (ruled: CONTEXT_SUBGROUP),
REW_INC_132,Incentives,,Which types of long-term incentive plans are offered?,,,,,context (EST/unanchored),
REW_INC_133,Incentives,A,Which levels are eligible for long-term incentives?,,,,,context (ruled: CONTEXT_SUBGROUP),
REW_INC_135,Incentives,,Does your organisation operate sales commission or commission-based incentive plans?,,,,,context (EST/unanchored),
REW_INC_136,Incentives,,Which commission plan structures are used?,,,,,context (EST/unanchored),
REW_INC_LTI_MAX_01,Incentives,,What is the max annual LTI as a % of base pay by employee level?,,,,,context (EST/unanchored),
REW_INC_LTI_VALUE_TYP_01,Incentives,,What is the target annual LTI as a % of base pay by employee level?,,,,,context (EST/unanchored),
REW_Q528801,Incentives,B,What overtime multiplier is paid by shift type?,,,,,"context (anchored, no structured base — ruled follow-on)",
REW_Q534581,Incentives,B,"For hourly-paid roles, what pay multipliers apply by time band?",,,,,"context (anchored, no structured base — ruled follow-on)",
ALLOW_01,Pay,,Which allowances are offered to employees?,,,,,context (EST/unanchored),
ALLOW_02,Pay,,Are allowances reviewed regularly as part of reward governance?,,,,,context (EST/unanchored),
ALLOW_03,Pay,,Are allowances pensionable?,,,,,context (EST/unanchored),
ALLOW_04,Pay,,Are allowances differentiated by role level?,,,,,context (EST/unanchored),
EXT_REW_GAP_009,Pay,A,"For roles that support remote working, how often are employees expected to attend a workplace?",,,,,"context (RULED: set-not-pole (prior ruling; question shape, figure-independe)",
EXT_REW_GAP_010,Pay,,Where are remote employees permitted to work from?,,,,,context (EST/unanchored),
EXT_REW_GAP_011,Pay,,Which home-working expenses are typically reimbursed or covered?,,,,,context (EST/unanchored),
EXT_REW_GAP_013,Pay,,How often are employees typically paid?,,,,,context (EST/unanchored),
PROP_168a6213,Pay,,To what extent is pay differentiated based on scarce skills/certifications (pay-for-skills) rather than tenure,,,,,context (EST/unanchored),
PROP_634adacd,Pay,A,What was the typical (median) base salary increase for eligible employees in the last completed pay review?,,,,,context (verified not-prevalence),
PROP_8e0b6316,Pay,EST,How often is the organisation's main pay review cycle (for salary increases) conducted?,,,,,"context (anchored, no structured base — ruled follow-on)",
PROP_9e4ad87f,Pay,A,What was the overall salary increase budget (merit/annual review) as a percentage of payroll in the last compl,,,,,context (ruled: CONTEXT_VALUE),
PROP_d16bae79,Pay,,What was total workforce cost per FTE in the last completed financial year (in GBP)?,,,,,context (EST/unanchored),
PROP_dff9a2a5,Pay,B,What proportion of employees received a base pay increa,,,,,context (ruled: CONTEXT_VALUE),
PROP_e63cf45a,Pay,,What was total workforce cost as a percentage of revenue in the last completed financial year?,,,,,context (EST/unanchored),
PROP_fe1a29ec,Pay,EST,"Do you use external pay/benefits benchmarking data (e.g., salary surveys) at least annually to inform pay deci",,maturity_gradient,"{""Basic"": 15, ""Developing"": 60, ""Advanced"": 90}",,MATURITY_GRADIENT (r3s2),
REW262_PAY_AISKILLSPAY,Pay,,Do you pay a premium specifically for AI skills?,,,,,context (EST/unanchored),
REW262_PAY_CANCELLEDSHIFT,Pay,,Do you compensate workers for shifts cancelled at short notice?,,,,,context (EST/unanchored),
REW262_PAY_GUARANTEEDHRS,Pay,,Do you proactively offer guaranteed-hours contracts to variable-hours workers?,,,,,context (EST/unanchored),
REW262_PAY_SHIFTNOTICE,Pay,,How much advance notice of shifts do you give?,,,,,context (EST/unanchored),
REW263_PAY_COMPARATIO,Pay,,What is your typical target compa-ratio / position-in-range policy for fully competent performers?,,,,,context (EST/unanchored),
REW263_PAY_GUARHRSAVG,Pay,,"For zero-/low-hours workers, do you offer guaranteed-hours contracts reflecting average hours worked (ERA 2025",,,,,context (EST/unanchored),
REW263_PAY_MERITMATRIX,Pay,,Do you use a formal merit matrix (performance rating x position-in-range) to differentiate pay increases?,,,,,context (EST/unanchored),
REW263_PAY_SHIFTRIGHTS,Pay,,Do you provide reasonable notice of shifts and short-notice cancellation payments to zero-/low-hours workers (,,,,,context (EST/unanchored),
REW263_PAY_SSPALIGN,Pay,,"Following SSP reform (removal of lower earnings limit and waiting days, April 2026), have you aligned your sic",,,,,context (EST/unanchored),
REW264_PAY_HOLPAYMETHOD,Pay,A,How is holiday pay calculated for irregular-hours and part-year workers?,,,,,"context (anchored, no structured base — ruled follow-on)",
REW26_PAY_JOBEVAL_COVERAGE,Pay,,Which job levels are covered by a formal job-evaluation / levelling framework?,,,,,context (EST/unanchored),
REW26_PAY_SKILLS_PAY,Pay,,Do you operate a skills- or capability-based pay framework?,,,,,context (EST/unanchored),
REW_BEN_058,Pay,A,"In the last 12 months, have you enhanced benefits in response to cost-of-living or labour market pressures?",,,,,context (ruled: CONTEXT_VALUE),
REW_BEN_REM_PAY_002,Pay,,Which location is typically used to determine base pay for remote roles?,,,,,context (EST/unanchored),
REW_BEN_REM_PAY_003,Pay,,How are remote roles typically benchmarked for market pay?,,,,,context (EST/unanchored),
REW_BEN_REM_PAY_004,Pay,,Are pay decisions for remote roles reviewed to ensure consistency and fairness?,,,,,context (EST/unanchored),
REW_BEN_REM_PAY_005,Pay,,Do any pay premiums or discounts apply specifically to remote roles?,,,,,context (EST/unanchored),
REW_FAIR_TIPS_DIST_7d34e570,Pay,,How are tips or service charges distributed to employees?,,,,,context (EST/unanchored),
REW_FAI_128,Pay,,Does your organisation test whether top performers are paid above market median after pay reviews?,,,,,context (EST/unanchored),
REW_FAI_CANCEL_1bbcc629,Pay,,Are hourly workers paid if scheduled shifts are cancelled at short notice?,,,,,context (EST/unanchored),
REW_FAI_MIN_HOURS_8518a543,Pay,,Do hourly-paid roles have guaranteed minimum contracted hours?,,,,,context (EST/unanchored),
REW_FAI_TRONC_GROUPS_e5639ac2,Pay,,Which role levels participate in the tronc arrangement?,,,,,context (EST/unanchored),
REW_FAI_TRONC_TYPES_b5547658,Pay,,Which types of tips are included in the tronc arrangement?,,,,,context (EST/unanchored),
REW_PAY_005,Pay,B,What is your ideal market position for Pay?,,ruled_full_distribution,"{""Above Market"": 3, ""Slightly Above"": 7, ""On Market"": 70, ""S",,RULED_DISTRIBUTION (full-dist),
REW_PAY_007,Pay,,Which sources do you use for external pay benchmarks?,,,,,context (EST/unanchored),
REW_PAY_011,Pay,,Do you pay overtime?,,,,,context (EST/unanchored),
REW_PAY_016,Pay,,Which allowances or premiums are currently paid?,,,,,context (EST/unanchored),
REW_PAY_017,Pay,B,"For on-call arrangements, how is the allowance typically paid?",,,,,context (RULED: one-pole-of-multi-pole (ruled principle)),
REW_PAY_018,Pay,,"Is there a minimum call-out payment for call-outs (e.g., minimum hours paid)?",,,,,context (EST/unanchored),
REW_PAY_021,Pay,,Are allowances included in holiday pay calculations where relevant?,,,,,context (EST/unanchored),
REW_PAY_022,Pay,,How do you apply for your salary review budget?,,,,,context (EST/unanchored),
REW_PAY_023,Pay,,Which factors inform your annual pay budget?,,,,,context (EST/unanchored),
REW_PAY_097,Pay,B,Are pay increases differentiated by performance rating?,,,,,context (RULED: one-pole-of-multi-pole (ruled principle)),
REW_PAY_126,Pay,,Over the past two years has your pay mix changed?,,,,,context (EST/unanchored),
REW_PAY_HOURLY_MIN_1c6e096f,Pay,A,What is the lowest base hourly rate paid to any directl,,,,,context (ruled: CONTEXT_VALUE),
REW_PAY_MKT_POS_01,Pay,,"On average, where does base salary sit versus market me",,,,,context (EST/unanchored),
REW_PAY_TIPS_EXIST_7c80c508,Pay,,Do employees receive customer tips or service charges as part of their total earnings?,,,,,context (EST/unanchored),
REW_PAY_TRONC_6db81475,Pay,,Are tips or service charges distributed through a formal tronc arrangement?,,,,,context (EST/unanchored),
a7ed418e-b057-4b70-ab58-31e897b7c1b6,Pay,,"On average, what is the total annual payment for each allowance type?",,,,,context (EST/unanchored),
EXT_REW_GAP_001,Recognition,C,Is there an approximate annual recognition budget per employee?,,,,,context (ruled: CONTEXT_VALUE),
EXT_REW_GAP_002,Recognition,,What is the typical value of an individual recognition award?,,,,,context (EST/unanchored),
EXT_REW_GAP_003,Recognition,,Are there limits on how frequently an individual can receive recognition awards?,,,,,context (EST/unanchored),
EXT_REW_GAP_005,Recognition,,Which length-of-service milestones are recognised through long service awards?,,,,,context (EST/unanchored),
EXT_REW_GAP_006,Recognition,B,How are long service awards typically provided?,,,,,context (ruled: CONTEXT_VALUE),
EXT_REW_GAP_007,Recognition,,What is the typical value of a long service award at the main milestone?,,,,,context (EST/unanchored),
REW263_REC_CURRENCY,Recognition,A,"Are recognition awards primarily monetary, experiential/voucher, or points-based?",,,,,"context (anchored, no structured base — ruled follow-on)",
REW263_REC_MGRBUDGET,Recognition,,Do you provide a personalised/flexible recognition budget to managers?,,,,,context (EST/unanchored),
REW263_REC_PEER,Recognition,B,Do you operate a peer-to-peer recognition programme (points or social-recognition platform)?,,,,,context (ruled: CONTEXT_SUBGROUP),
OT_03_1a68c68a,Time Off,,Is time off in lieu (TOIL) offered as an alternative to paid overtime?,,,,,context (EST/unanchored),
REW262_TIME_SICKDAYONE,Time Off,,Does your occupational sick pay apply from day one (no waiting days)?,,,,,context (EST/unanchored),
REW263_TIME_CARERPAID,Time Off,A,Do you offer enhanced carer's leave (paid) above the statutory unpaid entitlement?,,,,,"context (anchored, no structured base — ruled follow-on)",
REW263_TIME_HOLRECORDS,Time Off,,"Do you maintain compliant annual-leave and holiday-pay records (6-year retention, in force April 2026)?",,,,,context (EST/unanchored),
REW263_TIME_IVF,Time Off,,"How many funded IVF/fertility treatment cycles (or financial cap) do you provide, if any?",,,,,context (EST/unanchored),
REW263_TIME_NEONATAL,Time Off,B,"Do you provide paid neonatal care leave above the statutory entitlement (Neonatal Care Act, April 2025)?",,,,,context (ruled: CONTEXT_VALUE),
REW263_TIME_PATPAY,Time Off,A,"Do you provide enhanced paternity pay above statutory, and for how many weeks?",,,,,context (ruled: CONTEXT_SUBGROUP),
REW263_TIME_PREGLOSS,Time Off,B,Do you provide paid leave for pregnancy loss / miscarriage?,,,,,context (ruled: CONTEXT_VALUE),
REW_BEN_041,Time Off,,What is the maximum additional leave that can typically be purchased per year?,,,,,context (EST/unanchored),
REW_BEN_FAM_005,Time Off,,Do you provide enhanced shared parental pay above statutory provision?,,,,,context (EST/unanchored),
REW_BEN_FAM_006,Time Off,A,Do you provide any paid parental leave beyond statutory unpaid parental leave?,,,,,context (ruled: CONTEXT_VALUE),
REW_BEN_FAM_009,Time Off,B,Do you provide paid study or exam leave?,,,,,context (RULED: target RETIRED (David 2026-07-30): duplicate anchor — REW_FA),
REW_BEN_FAM_011,Time Off,A,Do you offer sabbaticals or career breaks?,,,,,"context (anchored, no structured base — ruled follow-on)",
REW_BEN_FAM_012,Time Off,,Do you provide specific paid leave related to menopause?,,,,,context (EST/unanchored),
REW_BEN_HOL_001,Time Off,A,"How much annual leave do employees typically receive, excluding bank holidays?",,sme_large,"[""Hospitality"", ""Logistics"", ""Retail""]",,MATURITY_GRADIENT (r3s2),
REW_BEN_HOL_002,Time Off,A,How are UK bank holidays treated for most employees?,,,,,context (ruled: CONTEXT_VALUE),
REW_BEN_HOL_004,Time Off,C,Is additional annual leave provided based on length of service?,,,,,context (ruled: CONTEXT_SUBGROUP),
REW_BEN_HOL_005,Time Off,,Can unused annual leave be carried over into the next leave year?,,,,,context (EST/unanchored),
REW_BEN_HOL_006,Time Off,,What is the maximum number of additional annual leave days employees can typically buy?,,,,,context (EST/unanchored),
REW_BEN_HOL_007,Time Off,,Are employees required to take annual leave during set shutdown periods?,,,,,context (EST/unanchored),
REW_BEN_HOL_008,Time Off,,Can employees swap UK bank holidays for alternative days?,,,,,context (EST/unanchored),
REW_BEN_SICK_002,Time Off,A,For how long is enhanced occupational sick pay typically provided?,,,,,context (verified not-prevalence),
REW_BEN_SICK_005,Time Off,,Are eligibility rules for occupational sick pay clearly defined and documented?,,,,,context (EST/unanchored),
REW_BEN_SICK_006,Time Off,,Are extended or repeated occupational sick pay cases reviewed before approval?,,,,,context (EST/unanchored),
REW_PAY_014,Time Off,,What is the standard premium for working on UK bank holidays where applicable?,,,,,context (EST/unanchored),
REW265_TIME_FLEXPATTERN,Time Off & Family,A,Do you operate compressed hours or core-hours flexibility as standard?,,,,,"context (anchored, no structured base — ruled follow-on)",
REW263_WEL_DATA,Wellbeing,EST,"Which wellbeing/health data do you actively track (absence rates, PMI claims, wellbeing scores, EAP utilisatio",,,,,"context (anchored, no structured base — ruled follow-on)",
REW263_WEL_MGRTRAIN,Wellbeing,A,What proportion of people managers have completed mental-health awareness training?,,,,,context (ruled: CONTEXT_SUBGROUP),
REW264_WEL_EWA,Wellbeing,A,Do you offer earned wage access / on-demand pay (employer-integrated)?,,,,,"context (anchored, no structured base — ruled follow-on)",
REW264_WEL_SEASONTICKET,Wellbeing,A,Do you offer season ticket or commuting loans?,,,,,"context (anchored, no structured base — ruled follow-on)",
REW26_WEL_BUDGET,Wellbeing,B,Is there an annual wellbeing budget per employee?,,,,,"context (RULED: numeric, no distribution anchor (G8) — 0.54 large-only exist)",
REW26_WEL_MH_SUPPORT,Wellbeing,A,Which mental-health support provisions are offered?,,,,,"context (anchored, no structured base — ruled follow-on)",
